EUR	zexp	zsim.1	betasim.1	p.1	chosen_or	rsID
0.47117296222664	-1.45938185189461e-12	-1.32995087884572	-0.0266623845867273	0.183534456239189	1	rs2354244
0.0755467196819085	7.85237189614773e-13	-2.23619663084353	-0.0830412822262816	0.0253388938218514	1	rs373498067
0.474155069582505	2.43722475802689	1.76310676599173	0.0353704703534143	0.0778824843045607	1.05	rs555092675
0.0129224652087475	0.557952401509226	-0.809075163514362	-0.0673226252522086	0.41847191329107	1.05	rs114723073
0.136182902584493	1.68814921113578	1.47658755723791	0.0428096753945581	0.139786229100966	1.05	rs761109
0.451292246520875	2.4302375703009	3.80937537709356	0.0764206587119536	0.00013931830666737	1.05	rs947413
0.0119284294234592	0.536377968680804	0.293733465389069	0.0261980808712488	0.768961580069809	1.05	rs36126617
0.265407554671968	2.16628733030825	3.63263865366237	0.0813254038125772	0.000280537744516192	1.05	rs145484674
0.434393638170974	2.42174120632145	2.91271000873145	0.0586898267701003	0.00358307177056417	1.05	rs58836335
0.571570576540755	2.40963223993572	1.38840642182361	0.0279254197141976	0.165013321992757	1.05	rs10927524
0.0129224652087475	0.557952401509226	1.05075210584478	0.0910628926073827	0.293372457882861	1.05	rs12024342
0.121272365805169	1.60735225274712	1.45263308722314	0.0445390734077215	0.146325654301654	1.05	rs12119630
0.172962226640159	1.85983619347752	3.2338284188918	0.0839227358375263	0.00122142812342108	1.05	rs11589846
0.119284294234592	1.59600589286101	1.26456069424149	0.0388329451259242	0.20602885058076	1.05	rs78306839
0.230616302186879	2.06836794358512	2.86601499670306	0.0679795038654669	0.00415674553756729	1.05	rs561252336;rs71761528
0.572564612326044	2.40886907123684	1.32020973763226	0.0267354678561857	0.18676500172029	1.05	rs11249090
0.0218687872763419	0.722166725247506	1.00530759157612	0.0676623384042906	0.314748760715843	1.05	rs116729779
0.0715705765407555	1.27087905500819	0.608870630483853	0.0235239746255291	0.542610192690586	1.05	rs12121077
0.0785288270377734	1.32598253133043	1.2120577619467	0.0450669250316009	0.225490270593522	1.05	rs113617715
0.0198807157057654	0.689321305917451	0.719872931639446	0.0511523958657421	0.471603235447215	1.05	rs115502886
0.549701789264413	2.42393315448974	1.88533577107286	0.0381607085752222	0.0593845195912346	1.05	rs10796902
0.385685884691849	2.3810020122904	3.51106723077976	0.0719097747948443	0.000446311508106107	1.05	rs34989936
0.473161033797217	2.43702796224237	2.20669521005356	0.0443604222437674	0.0273353601144511	1.05	rs371276610
0.523856858846918	2.43475441323498	1.97369269247056	0.0393513856644226	0.0484166965959222	1.05	rs10789404
0.0248508946322068	0.768562212544729	2.46653867064521	0.158045255540038	0.0136425996542577	1.05	rs75646615
0.0228628230616302	0.737990225984057	-0.351781364210509	-0.0233680148680082	0.725002235577312	1.05	rs78490966
0.0318091451292246	0.866201018975323	0.827382250279097	0.0470463231363152	0.408020437803864	1.05	rs41285912
0.0536779324055666	1.11171111610696	1.16330168412591	0.0510752608586917	0.244707122632997	1.05	rs75471056
0.771371769383698	2.03507721437274	-0.087404416128734	-0.00211218681953984	0.930350059251854	1.05	rs6674449
0.0129224652087475	0.557952401509226	0.0628981821120522	0.00556728645790206	0.949847582444585	1.05	rs141381145
0.0119284294234592	0.536377968680804	1.49404265315818	0.129377535181939	0.135164471276678	1.05	rs140892763
0.0119284294234592	0.536377968680804	-0.372309401093148	-0.033705296808628	0.709662499888234	1.05	rs115445204
0.0407554671968191	0.975653318579626	-0.423767426508982	-0.0213520864346634	0.671735435929955	1.05	rs77441151
0.52882703777336	2.43318161663482	2.40224639641702	0.0482359468589729	0.0162947286841543	1.05	rs11810463
0.0377733598409543	0.94082619632887	0.125146130442793	0.00657133896242951	0.90040786352384	1.05	rs338231
0.0208747514910537	0.705952933775085	-0.44251476685282	-0.0298503497021681	0.658116746941065	1.05	rs200027003
0.101391650099404	1.48699767184493	1.85367430860088	0.0619244765094322	0.0637857694229776	1.05	rs112461676
0.123260437375746	1.61855767368199	2.52657891252899	0.0755945787052009	0.0115179509387005	1.05	rs80237847
0.0854870775347912	1.3779968012466	1.583626017013	0.056566964618478	0.113278849747919	1.05	rs12039471
0.143141153081511	1.72345177091225	1.36477699081124	0.038803601113295	0.172323152720225	1.05	rs55830106
0.280318091451292	2.20278270750669	2.72188417958253	0.0602439552227319	0.00649108875763182	1.05	rs10789257
0.0268389662027833	0.797837395106112	1.97230091543691	0.120326310568321	0.0485752652007515	1.05	rs79390343
0.0914512922465209	1.4203802096644	1.5186197351409	0.0521008190425073	0.128858240646114	1.05	rs145294399
0.263419483101392	2.16118354389313	1.81314532592669	0.0408050788805791	0.0698094098835274	1.05	rs11209793
0.365805168986084	2.35719835319918	1.90020722070167	0.0394848898978574	0.0574059310745228	1.05	rs566146882
0.0566600397614314	1.14027857095868	-0.288652050383795	-0.0124211831644833	0.772847659608445	1.05	rs1537784
0.0288270377733598	0.825953714350727	2.34791612393929	0.13977028952699	0.0188787720546043	1.05	rs111856440
0.0417495029821074	0.986938339300186	1.15598663726792	0.056380937754057	0.24768662282762	1.05	rs12732460
0.137176938369781	1.69328140461595	1.53042804177155	0.0446420408297381	0.125910812330216	1.05	rs11586101
0.0198807157057654	0.689321305917451	0.5383090851049	0.0371029220257097	0.590363680213556	1.05	rs142932930
0.127236580516899	1.64055728588408	1.59198115579007	0.0470968747047682	0.111388938764465	1.05	rs35079693
0.391650099403579	2.3873158022201	1.28371600825293	0.0263237552101102	0.199241341110524	1.05	rs147278028
0.0139165009940358	0.578679466022142	-0.220515425345717	-0.0189885671598871	0.825469760345504	1.05	rs72714293
0.0208747514910537	0.705952933775085	1.57695432579865	0.109637475395493	0.114806034935905	1.05	rs144088133
0.636182902584493	2.3389923999729	3.03053052520346	0.0633616675626111	0.00244124508843595	1.05	rs7525248
0.905566600397614	1.4126491773973	0.994129740360408	0.0339537115261821	0.320159708069825	1.05	rs1191238
0.174950298210736	1.86815170235186	1.23104410200085	0.0323750885771585	0.218306370126269	1.05	rs10874960
0.167992047713718	1.8386482185168	1.17476237634147	0.0312521163683384	0.240089796297964	1.05	rs34934786
0.143141153081511	1.72345177091225	2.11903657243395	0.0598157855043028	0.034087376291932	1.05	rs200244018
0.573558648111332	2.40809600681869	1.36411313138258	0.0276496695849042	0.172531962548262	1.05	rs2783693
0.236580516898608	2.08649819870746	4.02340747683048	0.0941446546250831	5.73621250895441e-05	1.05	rs11808031
0.193836978131213	1.94284973653501	2.42231150070873	0.0608904921866218	0.0154221244581227	1.05	rs539825811
0.440357852882704	2.42506579146228	2.03708249384028	0.0410718056693351	0.0416417758982109	1.05	rs777090
0.0397614314115308	0.964210150799125	1.21971197149712	0.0614024105086243	0.222574081744505	1.05	rs78998350
0.135188866799205	1.68298663668108	1.57248621151614	0.0456595750222857	0.115837834445851	1.05	rs61372512
0.12624254473161	1.63510791234325	0.738953120667122	0.0220567285825066	0.459935464270039	1.05	rs2147790
0.230616302186879	2.06836794358512	2.3613098773059	0.0558617150818146	0.0182105068333577	1.05	rs7546994
0.185884691848907	1.91232009706735	2.07589735853858	0.0529400527589137	0.0379034450804656	1.05	rs35847079
0.0139165009940358	0.578679466022142	-2.20033492653938	-0.191587377584805	0.0277831410147144	1.05	rs12139760
0.0228628230616302	0.737990225984057	-0.00806757251901202	-0.000540679070082439	0.993563078269286	1.05	rs547927969
0.291252485089463	2.22760871134403	2.10102230582976	0.0458276134961464	0.035639008231149	1.05	rs8450
0.0168986083499006	0.636587819955064	-0.565152668199501	-0.0437606150144123	0.571969927430321	1.05	rs561313855
0.0238568588469185	0.753448031546323	1.57867140624123	0.100513780119939	0.11441144668411	1.05	rs200072547
0.475149105367793	2.4374118617908	1.61567982975244	0.0322070386609104	0.10616355412933	1.05	rs11264998
0.924453280318091	1.27607666120007	1.32588739808807	0.0512311894851882	0.184876997779173	1.05	rs1408597
0.0308151093439364	0.85302580445573	1.76069260326508	0.100822838886406	0.0782904453601867	1.05	rs75865932
0.323061630218688	2.29104892216705	3.28931766130264	0.0698658184917434	0.00100430605478196	1.05	rs142537702
0.0208747514910537	0.705952933775085	0.321922725571592	0.0224671073520153	0.747511236381907	1.05	rs72689347
0.0129224652087475	0.557952401509226	-0.539305935689218	-0.0486773414368908	0.589675773839265	1.05	rs9332683
0.170974155069582	1.85143006842389	0.691479409274415	0.0182804628866308	0.489264316152217	1.05	rs72712685
0.153081510934394	1.77147707444158	1.19925051104354	0.0328562273115904	0.230430551959836	1.05	rs35670849
0.958250497017893	0.965134134846902	0.0848055814925708	0.00423151850420604	0.932415956139558	1.05	rs589298
0.010934393638171	0.513849436194614	1.22794207198336	0.116328215151828	0.219468714489636	1.05	rs75494770
0.0119284294234592	0.536377968680804	1.72119045126593	0.14891720500854	0.0852162699847223	1.05	rs115922996
0.0149105367793241	0.598647192307928	1.71448186243136	0.14315294354479	0.0864402653480828	1.05	rs140508029
0.288270377733598	2.22099650139954	1.64506184192369	0.0362704897731649	0.0999570585850951	1.05	rs35625671
0.700795228628231	2.22279378161125	1.23214322258125	0.0270382553574906	0.217895588041894	1.05	rs11423605
0.422465208747515	2.41401693024808	2.20980937292283	0.0447906588778225	0.0271183949570666	1.05	rs138973046
0.0427435387673956	0.998070581161351	1.82130282553862	0.0889177102339121	0.0685608371795287	1.05	rs80323024
0.0308151093439364	0.85302580445573	0.731652089217429	0.0419091127491591	0.464380946269435	1.05	rs116778407
0.172962226640159	1.85983619347752	1.65876464065224	0.0435308979040378	0.0971632280855862	1.05	rs12401580
0.142147117296223	1.71849620256539	3.62551843047054	0.103148094367139	0.000288382327080346	1.05	rs12132539
0.0427435387673956	0.998070581161351	-0.351567759484871	-0.0173889918421881	0.725162447647707	1.05	rs74906708
0.0377733598409543	0.94082619632887	0.671484387466928	0.0350701957187377	0.501912002100651	1.05	rs142834452
0.125248508946322	1.62962508101991	0.748558250629901	0.0222124067329748	0.454123503495688	1.05	rs10128035
0.368787276341948	2.36104273104744	0.913424593176244	0.0189334851378426	0.361019276011685	1.05	rs61820708
0.12624254473161	1.63510791234325	2.1358581813881	0.0647560953888847	0.0326909750918943	1.05	rs4554747
0.578528827037773	2.404081960139	3.2712067032155	0.0663083612490998	0.00107089605994326	1.05	rs6665965
0.50596421471173	2.43842006603973	3.36932384189383	0.0673310263357864	0.000753528397905786	1.05	rs11291456
0.0685884691848907	1.24621661824661	-0.16552747304136	-0.00644968045877937	0.868528827721242	1.05	rs11579666
0.0437375745526839	1.00905510442381	0.870103466909506	0.0416773138302398	0.384243863238729	1.05	rs371471004
0.0616302186878728	1.18594034034959	0.900360725123854	0.037747757155448	0.367928314586196	1.05	rs557850119;rs58346707
0.250497017892644	2.12659485481754	2.68327080529355	0.0617825161604513	0.00729059284358793	1.05	rs12125859
0.0437375745526839	1.00905510442381	1.01361142192473	0.0480056444244878	0.310768205344057	1.05	rs17515844
0.715705765407555	2.18884444143307	2.49685505509645	0.0556050995933252	0.0125300161024346	1.05	rs4488038
0.157057654075547	1.78993959963918	1.59052639090309	0.0437304822682078	0.111716201746376	1.05	rs11118808
0.355864811133201	2.34367351187502	3.47738002693498	0.0720966105884731	0.000506339594066459	1.05	rs542490832
0.113320079522863	1.56109006865333	1.01193284144383	0.0315499576943168	0.311570165333696	1.05	rs12403778
0.0208747514910537	0.705952933775085	0.249881534964891	0.0174123543925831	0.802678963294639	1.05	rs148002362
0.0178926441351889	0.654676351109003	-0.253611285215248	-0.0192151647123101	0.799795877285636	1.05	rs78856134
0.498011928429423	2.43904721754775	3.76709731480096	0.0751661657164386	0.000165156634770909	1.05	rs1202580
0.271371769383698	2.18125952145325	2.28111555360223	0.0511126411922401	0.022541610002596	1.05	rs35287263
0.34493041749503	2.32751484858449	2.56445044966336	0.0536354974247543	0.0103339333378505	1.05	rs1857070
0.779324055666004	2.00926918815458	-0.435719577772999	-0.0105982326724393	0.663040199492112	1.05	rs2796173
0.0357852882703777	0.916736262962239	1.5797666797549	0.0848221914484469	0.11416030890121	1.05	rs72767406
0.833001988071571	1.80478658439923	1.3860042838646	0.0376055289541554	0.165745595406422	1.05	rs939698
0.761431411530815	2.06590031417159	1.77408270816028	0.0418066760502477	0.076049470575553	1.05	rs634971
0.216699801192843	2.02374186670541	1.48362862627956	0.0357683742626756	0.137907470694618	1.05	rs12730766
0.708747514910537	2.20504196905687	2.31576460177276	0.0511804872256192	0.0205711249647602	1.05	rs2153854
0.0437375745526839	1.00905510442381	1.34655328352651	0.0647871788152521	0.178124148581425	1.05	rs79036181
0.343936381709742	2.32597834060809	1.66768976839027	0.0350173148571254	0.0953773275622064	1.05	rs934622
