dataset	odds_ratio	no_blocks	ncases	ncontrols	replicate	h2.theo	h2.est	se
chr1	1.05	10	10000	10000	a	0.00782552649250482	-0.0769	0.045
chr1	1.05	10	50000	50000	a	0.00782552649250482	0.0027	0.0115
chr1	1.05	10	100000	100000	a	0.00782552649250482	0.0156	0.0079
chr1	1.05	10	250000	250000	a	0.00782552649250482	0.0102	0.0048
chr1	1.05	10	10000	10000	b	0.00782552649250482	-0.0121	0.0428
chr1	1.05	10	50000	50000	b	0.00782552649250482	-0.0058	0.0105
chr1	1.05	10	100000	100000	b	0.00782552649250482	-0.0029	0.0061
chr1	1.05	10	250000	250000	b	0.00782552649250482	0.0057	0.0037
chr1	1.05	10	10000	10000	c	0.00782552649250482	-0.0234	0.0469
chr1	1.05	10	50000	50000	c	0.00782552649250482	0.0109	0.01
chr1	1.05	10	100000	100000	c	0.00782552649250482	4e-04	0.0055
chr1	1.05	10	250000	250000	c	0.00782552649250482	0.0107	0.0042
chr1	1.05	10	10000	10000	d	0.00782552649250482	0.0126	0.0467
chr1	1.05	10	50000	50000	d	0.00782552649250482	0.0081	0.0107
chr1	1.05	10	100000	100000	d	0.00782552649250482	0.0048	0.006
chr1	1.05	10	250000	250000	d	0.00782552649250482	0.0084	0.0047
chr1	1.05	10	10000	10000	e	0.00782552649250482	0.0173	0.0418
chr1	1.05	10	50000	50000	e	0.00782552649250482	0.0039	0.011
chr1	1.05	10	100000	100000	e	0.00782552649250482	0.0112	0.007
chr1	1.05	10	250000	250000	e	0.00782552649250482	0.0092	0.0053
chr1	1.05	20	10000	10000	a	0.0124402100206783	-0.0397	0.0471
chr1	1.05	20	50000	50000	a	0.0124402100206783	0.0079	0.0126
chr1	1.05	20	100000	100000	a	0.0124402100206783	0.0202	0.0085
chr1	1.05	20	250000	250000	a	0.0124402100206783	0.0204	0.0066
chr1	1.05	20	10000	10000	b	0.0124402100206783	-0.0178	0.0424
chr1	1.05	20	50000	50000	b	0.0124402100206783	0.0053	0.0111
chr1	1.05	20	100000	100000	b	0.0124402100206783	0.0048	0.0073
chr1	1.05	20	250000	250000	b	0.0124402100206783	0.014	0.0054
chr1	1.05	20	10000	10000	c	0.0124402100206783	-0.027	0.0445
chr1	1.05	20	50000	50000	c	0.0124402100206783	0.017	0.0109
chr1	1.05	20	100000	100000	c	0.0124402100206783	0.0069	0.0063
chr1	1.05	20	250000	250000	c	0.0124402100206783	0.0184	0.0055
chr1	1.05	20	10000	10000	d	0.0124402100206783	0.0179	0.0467
chr1	1.05	20	50000	50000	d	0.0124402100206783	0.0147	0.0108
chr1	1.05	20	100000	100000	d	0.0124402100206783	0.0167	0.0076
chr1	1.05	20	250000	250000	d	0.0124402100206783	0.0182	0.0066
chr1	1.05	20	10000	10000	e	0.0124402100206783	0.0263	0.0421
chr1	1.05	20	50000	50000	e	0.0124402100206783	0.0109	0.0117
chr1	1.05	20	100000	100000	e	0.0124402100206783	0.0187	0.0083
chr1	1.05	20	250000	250000	e	0.0124402100206783	0.0189	0.0067
chr1	1.05	40	10000	10000	a	0.0222910343478141	-0.0056	0.0496
chr1	1.05	40	50000	50000	a	0.0222910343478141	0.0361	0.0144
chr1	1.05	40	100000	100000	a	0.0222910343478141	0.0384	0.0107
chr1	1.05	40	250000	250000	a	0.0222910343478141	0.0329	0.0076
chr1	1.05	40	10000	10000	b	0.0222910343478141	0.038	0.0492
chr1	1.05	40	50000	50000	b	0.0222910343478141	0.0263	0.0129
chr1	1.05	40	100000	100000	b	0.0222910343478141	0.0234	0.01
chr1	1.05	40	250000	250000	b	0.0222910343478141	0.0288	0.0072
chr1	1.05	40	10000	10000	c	0.0222910343478141	0.0217	0.0507
chr1	1.05	40	50000	50000	c	0.0222910343478141	0.0317	0.0126
chr1	1.05	40	100000	100000	c	0.0222910343478141	0.0147	0.0078
chr1	1.05	40	250000	250000	c	0.0222910343478141	0.0303	0.007
chr1	1.05	40	10000	10000	d	0.0222910343478141	0.0247	0.0483
chr1	1.05	40	50000	50000	d	0.0222910343478141	0.0289	0.0134
chr1	1.05	40	100000	100000	d	0.0222910343478141	0.028	0.0096
chr1	1.05	40	250000	250000	d	0.0222910343478141	0.0306	0.0083
chr1	1.05	40	10000	10000	e	0.0222910343478141	0.0592	0.0437
chr1	1.05	40	50000	50000	e	0.0222910343478141	0.0216	0.0136
chr1	1.05	40	100000	100000	e	0.0222910343478141	0.0325	0.0099
chr1	1.05	40	250000	250000	e	0.0222910343478141	0.0306	0.008
chr1	1.05	80	10000	10000	a	0.0439564669023412	0.0054	0.0511
chr1	1.05	80	50000	50000	a	0.0439564669023412	0.1005	0.0206
chr1	1.05	80	100000	100000	a	0.0439564669023412	0.0766	0.0158
chr1	1.05	80	250000	250000	a	0.0439564669023412	0.0706	0.0104
chr1	1.05	80	10000	10000	b	0.0439564669023412	0.1217	0.0631
chr1	1.05	80	50000	50000	b	0.0439564669023412	0.0821	0.0184
chr1	1.05	80	100000	100000	b	0.0439564669023412	0.0767	0.0149
chr1	1.05	80	250000	250000	b	0.0439564669023412	0.0696	0.01
chr1	1.05	80	10000	10000	c	0.0439564669023412	0.1197	0.062
chr1	1.05	80	50000	50000	c	0.0439564669023412	0.0877	0.0214
chr1	1.05	80	100000	100000	c	0.0439564669023412	0.0745	0.014
chr1	1.05	80	250000	250000	c	0.0439564669023412	0.0721	0.0106
chr1	1.05	80	10000	10000	d	0.0439564669023412	0.0485	0.0457
chr1	1.05	80	50000	50000	d	0.0439564669023412	0.099	0.0209
chr1	1.05	80	100000	100000	d	0.0439564669023412	0.0886	0.0166
chr1	1.05	80	250000	250000	d	0.0439564669023412	0.067	0.0109
chr1	1.05	80	10000	10000	e	0.0439564669023412	0.1711	0.051
chr1	1.05	80	50000	50000	e	0.0439564669023412	0.076	0.0186
chr1	1.05	80	100000	100000	e	0.0439564669023412	0.0821	0.0143
chr1	1.05	80	250000	250000	e	0.0439564669023412	0.0699	0.0106
chr1	1.05	100	10000	10000	a	0.0548550086405066	0.0129	0.0502
chr1	1.05	100	50000	50000	a	0.0548550086405066	0.1199	0.0206
chr1	1.05	100	100000	100000	a	0.0548550086405066	0.0989	0.0156
chr1	1.05	100	250000	250000	a	0.0548550086405066	0.0871	0.0113
chr1	1.05	100	10000	10000	b	0.0548550086405066	0.1643	0.0637
chr1	1.05	100	50000	50000	b	0.0548550086405066	0.1102	0.0195
chr1	1.05	100	100000	100000	b	0.0548550086405066	0.1045	0.015
chr1	1.05	100	250000	250000	b	0.0548550086405066	0.0896	0.011
chr1	1.05	100	10000	10000	c	0.0548550086405066	0.1338	0.0636
chr1	1.05	100	50000	50000	c	0.0548550086405066	0.11	0.0225
chr1	1.05	100	100000	100000	c	0.0548550086405066	0.0928	0.0144
chr1	1.05	100	250000	250000	c	0.0548550086405066	0.0914	0.0111
chr1	1.05	100	10000	10000	d	0.0548550086405066	0.0386	0.0456
chr1	1.05	100	50000	50000	d	0.0548550086405066	0.1143	0.0213
chr1	1.05	100	100000	100000	d	0.0548550086405066	0.1163	0.0179
chr1	1.05	100	250000	250000	d	0.0548550086405066	0.0865	0.0113
chr1	1.05	100	10000	10000	e	0.0548550086405066	0.1736	0.0512
chr1	1.05	100	50000	50000	e	0.0548550086405066	0.099	0.0194
chr1	1.05	100	100000	100000	e	0.0548550086405066	0.1006	0.0148
chr1	1.05	100	250000	250000	e	0.0548550086405066	0.0907	0.0116
chr1	1.05	120	10000	10000	a	0.0674797463512956	0.0019	0.0501
chr1	1.05	120	50000	50000	a	0.0674797463512956	0.1335	0.0208
chr1	1.05	120	100000	100000	a	0.0674797463512956	0.1145	0.0157
chr1	1.05	120	250000	250000	a	0.0674797463512956	0.1052	0.0114
chr1	1.05	120	10000	10000	b	0.0674797463512956	0.151	0.0643
chr1	1.05	120	50000	50000	b	0.0674797463512956	0.1224	0.0206
chr1	1.05	120	100000	100000	b	0.0674797463512956	0.121	0.0155
chr1	1.05	120	250000	250000	b	0.0674797463512956	0.1083	0.0117
chr1	1.05	120	10000	10000	c	0.0674797463512956	0.0879	0.0616
chr1	1.05	120	50000	50000	c	0.0674797463512956	0.1154	0.0227
chr1	1.05	120	100000	100000	c	0.0674797463512956	0.1086	0.015
chr1	1.05	120	250000	250000	c	0.0674797463512956	0.1107	0.0117
chr1	1.05	120	10000	10000	d	0.0674797463512956	0.0733	0.0478
chr1	1.05	120	50000	50000	d	0.0674797463512956	0.1385	0.0224
chr1	1.05	120	100000	100000	d	0.0674797463512956	0.1305	0.018
chr1	1.05	120	250000	250000	d	0.0674797463512956	0.1056	0.0121
chr1	1.05	120	10000	10000	e	0.0674797463512956	0.1546	0.0536
chr1	1.05	120	50000	50000	e	0.0674797463512956	0.1217	0.0198
chr1	1.05	120	100000	100000	e	0.0674797463512956	0.115	0.0153
chr1	1.05	120	250000	250000	e	0.0674797463512956	0.108	0.0118
chr1	1.2	10	10000	10000	a	0.109276065100232	0.0175	0.0713
chr1	1.2	10	50000	50000	a	0.109276065100232	0.1079	0.0507
chr1	1.2	10	100000	100000	a	0.109276065100232	0.1525	0.0632
chr1	1.2	10	250000	250000	a	0.109276065100232	0.1381	0.0597
chr1	1.2	10	10000	10000	b	0.109276065100232	0.0986	0.0784
chr1	1.2	10	50000	50000	b	0.109276065100232	0.1134	0.0572
chr1	1.2	10	100000	100000	b	0.109276065100232	0.1201	0.0563
chr1	1.2	10	250000	250000	b	0.109276065100232	0.1348	0.0574
chr1	1.2	10	10000	10000	c	0.109276065100232	0.0807	0.0735
chr1	1.2	10	50000	50000	c	0.109276065100232	0.1394	0.0589
chr1	1.2	10	100000	100000	c	0.109276065100232	0.1383	0.0588
chr1	1.2	10	250000	250000	c	0.109276065100232	0.1515	0.0658
chr1	1.2	10	10000	10000	d	0.109276065100232	0.0783	0.0663
chr1	1.2	10	50000	50000	d	0.109276065100232	0.1275	0.055
chr1	1.2	10	100000	100000	d	0.109276065100232	0.1442	0.0612
chr1	1.2	10	250000	250000	d	0.109276065100232	0.1462	0.0626
chr1	1.2	10	10000	10000	e	0.109276065100232	0.124	0.0783
chr1	1.2	10	50000	50000	e	0.109276065100232	0.0966	0.0466
chr1	1.2	10	100000	100000	e	0.109276065100232	0.1406	0.0609
chr1	1.2	10	250000	250000	e	0.109276065100232	0.1453	0.063
chr1	1.2	20	10000	10000	a	0.173715749525892	0.1105	0.0799
chr1	1.2	20	50000	50000	a	0.173715749525892	0.2653	0.088
chr1	1.2	20	100000	100000	a	0.173715749525892	0.3057	0.0849
chr1	1.2	20	250000	250000	a	0.173715749525892	0.2775	0.0828
chr1	1.2	20	10000	10000	b	0.173715749525892	0.2085	0.09
chr1	1.2	20	50000	50000	b	0.173715749525892	0.2582	0.0863
chr1	1.2	20	100000	100000	b	0.173715749525892	0.2799	0.084
chr1	1.2	20	250000	250000	b	0.173715749525892	0.2758	0.0897
chr1	1.2	20	10000	10000	c	0.173715749525892	0.154	0.0926
chr1	1.2	20	50000	50000	c	0.173715749525892	0.2845	0.0868
chr1	1.2	20	100000	100000	c	0.173715749525892	0.2838	0.0819
chr1	1.2	20	250000	250000	c	0.173715749525892	0.2931	0.0938
chr1	1.2	20	10000	10000	d	0.173715749525892	0.2077	0.0858
chr1	1.2	20	50000	50000	d	0.173715749525892	0.2538	0.0817
chr1	1.2	20	100000	100000	d	0.173715749525892	0.2981	0.0838
chr1	1.2	20	250000	250000	d	0.173715749525892	0.2811	0.0887
chr1	1.2	20	10000	10000	e	0.173715749525892	0.255	0.098
chr1	1.2	20	50000	50000	e	0.173715749525892	0.2333	0.0782
chr1	1.2	20	100000	100000	e	0.173715749525892	0.2972	0.0859
chr1	1.2	20	250000	250000	e	0.173715749525892	0.2781	0.0889
chr1	1.2	40	10000	10000	a	0.311273180517157	0.2558	0.1062
chr1	1.2	40	50000	50000	a	0.311273180517157	0.4497	0.1054
chr1	1.2	40	100000	100000	a	0.311273180517157	0.5021	0.1057
chr1	1.2	40	250000	250000	a	0.311273180517157	0.4579	0.09
chr1	1.2	40	10000	10000	b	0.311273180517157	0.3666	0.1108
chr1	1.2	40	50000	50000	b	0.311273180517157	0.4353	0.1025
chr1	1.2	40	100000	100000	b	0.311273180517157	0.477	0.1021
chr1	1.2	40	250000	250000	b	0.311273180517157	0.4577	0.0911
chr1	1.2	40	10000	10000	c	0.311273180517157	0.3795	0.1278
chr1	1.2	40	50000	50000	c	0.311273180517157	0.4749	0.1044
chr1	1.2	40	100000	100000	c	0.311273180517157	0.4844	0.1028
chr1	1.2	40	250000	250000	c	0.311273180517157	0.4729	0.094
chr1	1.2	40	10000	10000	d	0.311273180517157	0.4503	0.1177
chr1	1.2	40	50000	50000	d	0.311273180517157	0.418	0.1008
chr1	1.2	40	100000	100000	d	0.311273180517157	0.4836	0.102
chr1	1.2	40	250000	250000	d	0.311273180517157	0.4708	0.0912
chr1	1.2	40	10000	10000	e	0.311273180517157	0.4612	0.1287
chr1	1.2	40	50000	50000	e	0.311273180517157	0.4061	0.0978
chr1	1.2	40	100000	100000	e	0.311273180517157	0.5013	0.1034
chr1	1.2	40	250000	250000	e	0.311273180517157	0.4622	0.09
chr1	1.2	80	10000	10000	a	0.613810424563389	0.8572	0.1699
chr1	1.2	80	50000	50000	a	0.613810424563389	0.9312	0.1288
chr1	1.2	80	100000	100000	a	0.613810424563389	0.9655	0.1299
chr1	1.2	80	250000	250000	a	0.613810424563389	0.8676	0.1095
chr1	1.2	80	10000	10000	b	0.613810424563389	0.9232	0.172
chr1	1.2	80	50000	50000	b	0.613810424563389	0.9209	0.1253
chr1	1.2	80	100000	100000	b	0.613810424563389	0.9529	0.1282
chr1	1.2	80	250000	250000	b	0.613810424563389	0.886	0.1099
chr1	1.2	80	10000	10000	c	0.613810424563389	1.1377	0.1928
chr1	1.2	80	50000	50000	c	0.613810424563389	1.0035	0.1352
chr1	1.2	80	100000	100000	c	0.613810424563389	0.9788	0.1263
chr1	1.2	80	250000	250000	c	0.613810424563389	0.8776	0.1101
chr1	1.2	80	10000	10000	d	0.613810424563389	1.0498	0.1878
chr1	1.2	80	50000	50000	d	0.613810424563389	0.9278	0.1317
chr1	1.2	80	100000	100000	d	0.613810424563389	0.9517	0.129
chr1	1.2	80	250000	250000	d	0.613810424563389	0.8746	0.1075
chr1	1.2	80	10000	10000	e	0.613810424563389	1.1424	0.195
chr1	1.2	80	50000	50000	e	0.613810424563389	0.9404	0.1297
chr1	1.2	80	100000	100000	e	0.613810424563389	0.9599	0.128
chr1	1.2	80	250000	250000	e	0.613810424563389	0.8638	0.1083
chr1	1.2	100	10000	10000	a	0.765998236797879	1.2615	0.1983
chr1	1.2	100	50000	50000	a	0.765998236797879	1.2106	0.1363
chr1	1.2	100	100000	100000	a	0.765998236797879	1.2284	0.1391
chr1	1.2	100	250000	250000	a	0.765998236797879	1.0808	0.112
chr1	1.2	100	10000	10000	b	0.765998236797879	1.2841	0.1838
chr1	1.2	100	50000	50000	b	0.765998236797879	1.1723	0.1327
chr1	1.2	100	100000	100000	b	0.765998236797879	1.2271	0.1376
chr1	1.2	100	250000	250000	b	0.765998236797879	1.109	0.1163
chr1	1.2	100	10000	10000	c	0.765998236797879	1.3818	0.2044
chr1	1.2	100	50000	50000	c	0.765998236797879	1.2618	0.1437
chr1	1.2	100	100000	100000	c	0.765998236797879	1.2575	0.1393
chr1	1.2	100	250000	250000	c	0.765998236797879	1.0868	0.1093
chr1	1.2	100	10000	10000	d	0.765998236797879	1.3099	0.191
chr1	1.2	100	50000	50000	d	0.765998236797879	1.2172	0.1441
chr1	1.2	100	100000	100000	d	0.765998236797879	1.2146	0.1349
chr1	1.2	100	250000	250000	d	0.765998236797879	1.0987	0.1136
chr1	1.2	100	10000	10000	e	0.765998236797879	1.461	0.2064
chr1	1.2	100	50000	50000	e	0.765998236797879	1.2001	0.1367
chr1	1.2	100	100000	100000	e	0.765998236797879	1.2286	0.1408
chr1	1.2	100	250000	250000	e	0.765998236797879	1.0784	0.1131
chr1	1.2	120	10000	10000	a	0.942290740730858	1.521	0.2058
chr1	1.2	120	50000	50000	a	0.942290740730858	1.4914	0.154
chr1	1.2	120	100000	100000	a	0.942290740730858	1.5621	0.1541
chr1	1.2	120	250000	250000	a	0.942290740730858	1.3715	0.1201
chr1	1.2	120	10000	10000	b	0.942290740730858	1.5225	0.1969
chr1	1.2	120	50000	50000	b	0.942290740730858	1.4572	0.1471
chr1	1.2	120	100000	100000	b	0.942290740730858	1.5601	0.1542
chr1	1.2	120	250000	250000	b	0.942290740730858	1.3956	0.1195
chr1	1.2	120	10000	10000	c	0.942290740730858	1.5741	0.2153
chr1	1.2	120	50000	50000	c	0.942290740730858	1.5392	0.1549
chr1	1.2	120	100000	100000	c	0.942290740730858	1.5981	0.1521
chr1	1.2	120	250000	250000	c	0.942290740730858	1.3866	0.1206
chr1	1.2	120	10000	10000	d	0.942290740730858	1.6148	0.2052
chr1	1.2	120	50000	50000	d	0.942290740730858	1.5102	0.1586
chr1	1.2	120	100000	100000	d	0.942290740730858	1.5404	0.1494
chr1	1.2	120	250000	250000	d	0.942290740730858	1.3891	0.1202
chr1	1.2	120	10000	10000	e	0.942290740730858	1.7099	0.2153
chr1	1.2	120	50000	50000	e	0.942290740730858	1.5028	0.1521
chr1	1.2	120	100000	100000	e	0.942290740730858	1.5474	0.1531
chr1	1.2	120	250000	250000	e	0.942290740730858	1.37	0.1216
chr1	1.4	10	10000	10000	a	0.372175240133951	0.3278	0.2042
chr1	1.4	10	50000	50000	a	0.372175240133951	0.5284	0.2214
chr1	1.4	10	100000	100000	a	0.372175240133951	0.4359	0.1795
chr1	1.4	10	250000	250000	a	0.372175240133951	0.2845	0.1124
chr1	1.4	10	10000	10000	b	0.372175240133951	0.3816	0.1857
chr1	1.4	10	50000	50000	b	0.372175240133951	0.4972	0.2041
chr1	1.4	10	100000	100000	b	0.372175240133951	0.4077	0.1722
chr1	1.4	10	250000	250000	b	0.372175240133951	0.2801	0.129
chr1	1.4	10	10000	10000	c	0.372175240133951	0.3893	0.2051
chr1	1.4	10	50000	50000	c	0.372175240133951	0.534	0.2353
chr1	1.4	10	100000	100000	c	0.372175240133951	0.3977	0.1659
chr1	1.4	10	250000	250000	c	0.372175240133951	0.2692	0.1056
chr1	1.4	10	10000	10000	d	0.372175240133951	0.4276	0.217
chr1	1.4	10	50000	50000	d	0.372175240133951	0.5478	0.2405
chr1	1.4	10	100000	100000	d	0.372175240133951	0.4106	0.1701
chr1	1.4	10	250000	250000	d	0.372175240133951	0.2796	0.127
chr1	1.4	10	10000	10000	e	0.372175240133951	0.4281	0.2008
chr1	1.4	10	50000	50000	e	0.372175240133951	0.5167	0.2076
chr1	1.4	10	100000	100000	e	0.372175240133951	0.4387	0.1787
chr1	1.4	10	250000	250000	e	0.372175240133951	0.2628	0.1049
chr1	1.4	20	10000	10000	a	0.591645578888169	0.8406	0.3118
chr1	1.4	20	50000	50000	a	0.591645578888169	1.0485	0.2978
chr1	1.4	20	100000	100000	a	0.591645578888169	0.876	0.2426
chr1	1.4	20	250000	250000	a	0.591645578888169	0.6144	0.17
chr1	1.4	20	10000	10000	b	0.591645578888169	0.8588	0.291
chr1	1.4	20	50000	50000	b	0.591645578888169	1.0408	0.301
chr1	1.4	20	100000	100000	b	0.591645578888169	0.826	0.2374
chr1	1.4	20	250000	250000	b	0.591645578888169	0.5869	0.1628
chr1	1.4	20	10000	10000	c	0.591645578888169	0.773	0.2937
chr1	1.4	20	50000	50000	c	0.591645578888169	1.1286	0.3162
chr1	1.4	20	100000	100000	c	0.591645578888169	0.8042	0.2213
chr1	1.4	20	250000	250000	c	0.591645578888169	0.5968	0.1633
chr1	1.4	20	10000	10000	d	0.591645578888169	0.8942	0.3119
chr1	1.4	20	50000	50000	d	0.591645578888169	1.1024	0.3112
chr1	1.4	20	100000	100000	d	0.591645578888169	0.844	0.2312
chr1	1.4	20	250000	250000	d	0.591645578888169	0.5987	0.1651
chr1	1.4	20	10000	10000	e	0.591645578888169	0.827	0.2771
chr1	1.4	20	50000	50000	e	0.591645578888169	1.0464	0.2931
chr1	1.4	20	100000	100000	e	0.591645578888169	0.8557	0.2393
chr1	1.4	20	250000	250000	e	0.591645578888169	0.5822	0.1505
chr1	1.4	40	10000	10000	a	1.06014222419128	1.4454	0.3914
chr1	1.4	40	50000	50000	a	1.06014222419128	1.7262	0.3469
chr1	1.4	40	100000	100000	a	1.06014222419128	1.3799	0.2986
chr1	1.4	40	250000	250000	a	1.06014222419128	1.0329	0.1888
chr1	1.4	40	10000	10000	b	1.06014222419128	1.4742	0.3626
chr1	1.4	40	50000	50000	b	1.06014222419128	1.734	0.3681
chr1	1.4	40	100000	100000	b	1.06014222419128	1.3465	0.2924
chr1	1.4	40	250000	250000	b	1.06014222419128	1.0145	0.1919
chr1	1.4	40	10000	10000	c	1.06014222419128	1.4266	0.3755
chr1	1.4	40	50000	50000	c	1.06014222419128	1.8399	0.3845
chr1	1.4	40	100000	100000	c	1.06014222419128	1.327	0.2868
chr1	1.4	40	250000	250000	c	1.06014222419128	1.0164	0.1855
chr1	1.4	40	10000	10000	d	1.06014222419128	1.5625	0.4023
chr1	1.4	40	50000	50000	d	1.06014222419128	1.8037	0.3712
chr1	1.4	40	100000	100000	d	1.06014222419128	1.3839	0.2916
chr1	1.4	40	250000	250000	d	1.06014222419128	1.0272	0.1987
chr1	1.4	40	10000	10000	e	1.06014222419128	1.4142	0.342
chr1	1.4	40	50000	50000	e	1.06014222419128	1.7534	0.3587
chr1	1.4	40	100000	100000	e	1.06014222419128	1.388	0.3002
chr1	1.4	40	250000	250000	e	1.06014222419128	1.0096	0.1876
chr1	1.4	80	10000	10000	a	2.09053137069919	3.5904	0.5667
chr1	1.4	80	50000	50000	a	2.09053137069919	3.6112	0.4708
chr1	1.4	80	100000	100000	a	2.09053137069919	2.7569	0.342
chr1	1.4	80	250000	250000	a	2.09053137069919	1.8943	0.213
chr1	1.4	80	10000	10000	b	2.09053137069919	3.6933	0.5667
chr1	1.4	80	50000	50000	b	2.09053137069919	3.5725	0.4744
chr1	1.4	80	100000	100000	b	2.09053137069919	2.7651	0.3272
chr1	1.4	80	250000	250000	b	2.09053137069919	1.8627	0.2234
chr1	1.4	80	10000	10000	c	2.09053137069919	3.6487	0.5522
chr1	1.4	80	50000	50000	c	2.09053137069919	3.6651	0.4861
chr1	1.4	80	100000	100000	c	2.09053137069919	2.7395	0.3279
chr1	1.4	80	250000	250000	c	2.09053137069919	1.8555	0.2099
chr1	1.4	80	10000	10000	d	2.09053137069919	3.6687	0.5942
chr1	1.4	80	50000	50000	d	2.09053137069919	3.6775	0.4838
chr1	1.4	80	100000	100000	d	2.09053137069919	2.7713	0.3345
chr1	1.4	80	250000	250000	d	2.09053137069919	1.8818	0.2213
chr1	1.4	80	10000	10000	e	2.09053137069919	3.4985	0.5402
chr1	1.4	80	50000	50000	e	2.09053137069919	3.5891	0.471
chr1	1.4	80	100000	100000	e	2.09053137069919	2.8234	0.3424
chr1	1.4	80	250000	250000	e	2.09053137069919	1.8649	0.2199
chr1	1.4	100	10000	10000	a	2.60885654567579	4.5628	0.6019
chr1	1.4	100	50000	50000	a	2.60885654567579	4.5306	0.5043
chr1	1.4	100	100000	100000	a	2.60885654567579	3.4942	0.3657
chr1	1.4	100	250000	250000	a	2.60885654567579	2.3554	0.2302
chr1	1.4	100	10000	10000	b	2.60885654567579	4.7181	0.5899
chr1	1.4	100	50000	50000	b	2.60885654567579	4.5501	0.5117
chr1	1.4	100	100000	100000	b	2.60885654567579	3.5203	0.3514
chr1	1.4	100	250000	250000	b	2.60885654567579	2.3345	0.222
chr1	1.4	100	10000	10000	c	2.60885654567579	4.6275	0.5772
chr1	1.4	100	50000	50000	c	2.60885654567579	4.6006	0.5333
chr1	1.4	100	100000	100000	c	2.60885654567579	3.4631	0.3498
chr1	1.4	100	250000	250000	c	2.60885654567579	2.3299	0.2192
chr1	1.4	100	10000	10000	d	2.60885654567579	4.6239	0.6133
chr1	1.4	100	50000	50000	d	2.60885654567579	4.6109	0.5328
chr1	1.4	100	100000	100000	d	2.60885654567579	3.4751	0.3545
chr1	1.4	100	250000	250000	d	2.60885654567579	2.3446	0.2249
chr1	1.4	100	10000	10000	e	2.60885654567579	4.4394	0.5503
chr1	1.4	100	50000	50000	e	2.60885654567579	4.5433	0.4998
chr1	1.4	100	100000	100000	e	2.60885654567579	3.5323	0.3499
chr1	1.4	100	250000	250000	e	2.60885654567579	2.3295	0.2266
chr1	1.4	120	10000	10000	a	3.20927810116363	5.4385	0.6355
chr1	1.4	120	50000	50000	a	3.20927810116363	5.6051	0.5372
chr1	1.4	120	100000	100000	a	3.20927810116363	4.3409	0.3791
chr1	1.4	120	250000	250000	a	3.20927810116363	2.932	0.2346
chr1	1.4	120	10000	10000	b	3.20927810116363	5.617	0.6161
chr1	1.4	120	50000	50000	b	3.20927810116363	5.6276	0.546
chr1	1.4	120	100000	100000	b	3.20927810116363	4.353	0.3852
chr1	1.4	120	250000	250000	b	3.20927810116363	2.9118	0.2316
chr1	1.4	120	10000	10000	c	3.20927810116363	5.4582	0.6219
chr1	1.4	120	50000	50000	c	3.20927810116363	5.6621	0.5382
chr1	1.4	120	100000	100000	c	3.20927810116363	4.3217	0.3738
chr1	1.4	120	250000	250000	c	3.20927810116363	2.9251	0.2389
chr1	1.4	120	10000	10000	d	3.20927810116363	5.6044	0.6655
chr1	1.4	120	50000	50000	d	3.20927810116363	5.6589	0.5519
chr1	1.4	120	100000	100000	d	3.20927810116363	4.3101	0.3719
chr1	1.4	120	250000	250000	d	3.20927810116363	2.9311	0.2337
chr1	1.4	120	10000	10000	e	3.20927810116363	5.2399	0.5752
chr1	1.4	120	50000	50000	e	3.20927810116363	5.6509	0.5318
chr1	1.4	120	100000	100000	e	3.20927810116363	4.3792	0.3815
chr1	1.4	120	250000	250000	e	3.20927810116363	2.9167	0.2381
chr1	2	10	10000	10000	a	1.57942835049842	2.0504	0.9073
chr1	2	10	50000	50000	a	1.57942835049842	1.0116	0.4003
chr1	2	10	100000	100000	a	1.57942835049842	0.9521	0.3791
chr1	2	10	250000	250000	a	1.57942835049842	0.8933	0.4256
chr1	2	10	10000	10000	b	1.57942835049842	2.0563	0.8706
chr1	2	10	50000	50000	b	1.57942835049842	1.0584	0.4249
chr1	2	10	100000	100000	b	1.57942835049842	0.9664	0.3879
chr1	2	10	250000	250000	b	1.57942835049842	0.866	0.4184
chr1	2	10	10000	10000	c	1.57942835049842	2.2203	0.9405
chr1	2	10	50000	50000	c	1.57942835049842	1.0394	0.412
chr1	2	10	100000	100000	c	1.57942835049842	0.9803	0.3914
chr1	2	10	250000	250000	c	1.57942835049842	0.8803	0.356
chr1	2	10	10000	10000	d	1.57942835049842	2.0596	0.8936
chr1	2	10	50000	50000	d	1.57942835049842	1.0636	0.4189
chr1	2	10	100000	100000	d	1.57942835049842	0.9631	0.3873
chr1	2	10	250000	250000	d	1.57942835049842	0.8946	0.4084
chr1	2	10	10000	10000	e	1.57942835049842	2.2247	0.9461
chr1	2	10	50000	50000	e	1.57942835049842	1.0482	0.4176
chr1	2	10	100000	100000	e	1.57942835049842	0.9491	0.3836
chr1	2	10	250000	250000	e	1.57942835049842	0.8859	0.41
chr1	2	20	10000	10000	a	2.51081130600385	4.2876	1.3166
chr1	2	20	50000	50000	a	2.51081130600385	2.0298	0.5912
chr1	2	20	100000	100000	a	2.51081130600385	1.9032	0.5302
chr1	2	20	250000	250000	a	2.51081130600385	1.5866	0.4491
chr1	2	20	10000	10000	b	2.51081130600385	4.2819	1.2379
chr1	2	20	50000	50000	b	2.51081130600385	2.1234	0.5796
chr1	2	20	100000	100000	b	2.51081130600385	1.9198	0.5409
chr1	2	20	250000	250000	b	2.51081130600385	1.5363	0.4371
chr1	2	20	10000	10000	c	2.51081130600385	4.4034	1.3502
chr1	2	20	50000	50000	c	2.51081130600385	2.157	0.5777
chr1	2	20	100000	100000	c	2.51081130600385	1.9378	0.5523
chr1	2	20	250000	250000	c	2.51081130600385	1.5622	0.4377
chr1	2	20	10000	10000	d	2.51081130600385	4.1347	1.2175
chr1	2	20	50000	50000	d	2.51081130600385	2.1325	0.5737
chr1	2	20	100000	100000	d	2.51081130600385	1.9656	0.5332
chr1	2	20	250000	250000	d	2.51081130600385	1.5928	0.4475
chr1	2	20	10000	10000	e	2.51081130600385	4.3551	1.2833
chr1	2	20	50000	50000	e	2.51081130600385	2.105	0.6125
chr1	2	20	100000	100000	e	2.51081130600385	1.9369	0.5478
chr1	2	20	250000	250000	e	2.51081130600385	1.5801	0.4192
chr1	2	40	10000	10000	a	4.49900612368926	7.3613	1.6136
chr1	2	40	50000	50000	a	4.49900612368926	3.7436	0.7346
chr1	2	40	100000	100000	a	4.49900612368926	3.1465	0.6297
chr1	2	40	250000	250000	a	4.49900612368926	2.459	0.4781
chr1	2	40	10000	10000	b	4.49900612368926	7.2192	1.5392
chr1	2	40	50000	50000	b	4.49900612368926	3.8159	0.7481
chr1	2	40	100000	100000	b	4.49900612368926	3.2129	0.635
chr1	2	40	250000	250000	b	4.49900612368926	2.4145	0.4677
chr1	2	40	10000	10000	c	4.49900612368926	7.205	1.5649
chr1	2	40	50000	50000	c	4.49900612368926	3.7956	0.7418
chr1	2	40	100000	100000	c	4.49900612368926	3.1406	0.615
chr1	2	40	250000	250000	c	4.49900612368926	2.4289	0.4567
chr1	2	40	10000	10000	d	4.49900612368926	7.3375	1.6168
chr1	2	40	50000	50000	d	4.49900612368926	3.7602	0.7296
chr1	2	40	100000	100000	d	4.49900612368926	3.2093	0.6204
chr1	2	40	250000	250000	d	4.49900612368926	2.45	0.4567
chr1	2	40	10000	10000	e	4.49900612368926	7.2315	1.5391
chr1	2	40	50000	50000	e	4.49900612368926	3.7857	0.7679
chr1	2	40	100000	100000	e	4.49900612368926	3.1727	0.6175
chr1	2	40	250000	250000	e	4.49900612368926	2.4327	0.458
chr1	2	80	10000	10000	a	8.87174685048968	17.6298	2.5378
chr1	2	80	50000	50000	a	8.87174685048968	7.944	0.9181
chr1	2	80	100000	100000	a	8.87174685048968	6.2469	0.7029
chr1	2	80	250000	250000	a	8.87174685048968	4.3935	0.4594
chr1	2	80	10000	10000	b	8.87174685048968	17.1214	2.4533
chr1	2	80	50000	50000	b	8.87174685048968	8.0356	0.944
chr1	2	80	100000	100000	b	8.87174685048968	6.257	0.6829
chr1	2	80	250000	250000	b	8.87174685048968	4.3407	0.4432
chr1	2	80	10000	10000	c	8.87174685048968	17.133	2.4322
chr1	2	80	50000	50000	c	8.87174685048968	8.0596	0.962
chr1	2	80	100000	100000	c	8.87174685048968	6.2191	0.6959
chr1	2	80	250000	250000	c	8.87174685048968	4.3915	0.4495
chr1	2	80	10000	10000	d	8.87174685048968	17.1324	2.4645
chr1	2	80	50000	50000	d	8.87174685048968	7.9665	0.9216
chr1	2	80	100000	100000	d	8.87174685048968	6.232	0.7316
chr1	2	80	250000	250000	d	8.87174685048968	4.4296	0.4643
chr1	2	80	10000	10000	e	8.87174685048968	17.2744	2.4641
chr1	2	80	50000	50000	e	8.87174685048968	7.9664	0.9313
chr1	2	80	100000	100000	e	8.87174685048968	6.2441	0.7352
chr1	2	80	250000	250000	e	8.87174685048968	4.3979	0.4552
chr1	2	100	10000	10000	a	11.0714027863344	21.8768	2.6294
chr1	2	100	50000	50000	a	11.0714027863344	10.3041	0.9781
chr1	2	100	100000	100000	a	11.0714027863344	7.9805	0.7395
chr1	2	100	250000	250000	a	11.0714027863344	5.4813	0.4685
chr1	2	100	10000	10000	b	11.0714027863344	21.3273	2.5472
chr1	2	100	50000	50000	b	11.0714027863344	10.4117	1.0275
chr1	2	100	100000	100000	b	11.0714027863344	7.9772	0.7206
chr1	2	100	250000	250000	b	11.0714027863344	5.4376	0.4403
chr1	2	100	10000	10000	c	11.0714027863344	21.3018	2.5527
chr1	2	100	50000	50000	c	11.0714027863344	10.3822	1.0063
chr1	2	100	100000	100000	c	11.0714027863344	7.9532	0.7424
chr1	2	100	250000	250000	c	11.0714027863344	5.4913	0.4658
chr1	2	100	10000	10000	d	11.0714027863344	21.5774	2.6024
chr1	2	100	50000	50000	d	11.0714027863344	10.3248	1.0246
chr1	2	100	100000	100000	d	11.0714027863344	7.9469	0.794
chr1	2	100	250000	250000	d	11.0714027863344	5.5399	0.4794
chr1	2	100	10000	10000	e	11.0714027863344	21.6409	2.6035
chr1	2	100	50000	50000	e	11.0714027863344	10.3279	0.9842
chr1	2	100	100000	100000	e	11.0714027863344	7.8795	0.7529
chr1	2	100	250000	250000	e	11.0714027863344	5.4847	0.4701
chr1	2	120	10000	10000	a	13.6194573711761	25.7353	2.6871
chr1	2	120	50000	50000	a	13.6194573711761	12.5199	1.0565
chr1	2	120	100000	100000	a	13.6194573711761	9.6545	0.7404
chr1	2	120	250000	250000	a	13.6194573711761	6.5544	0.4186
chr1	2	120	10000	10000	b	13.6194573711761	25.2843	2.6516
chr1	2	120	50000	50000	b	13.6194573711761	12.6079	1.064
chr1	2	120	100000	100000	b	13.6194573711761	9.6599	0.7401
chr1	2	120	250000	250000	b	13.6194573711761	6.5359	0.4172
chr1	2	120	10000	10000	c	13.6194573711761	25.1609	2.6123
chr1	2	120	50000	50000	c	13.6194573711761	12.5365	1.0197
chr1	2	120	100000	100000	c	13.6194573711761	9.6587	0.7065
chr1	2	120	250000	250000	c	13.6194573711761	6.5811	0.4356
chr1	2	120	10000	10000	d	13.6194573711761	25.6243	2.6296
chr1	2	120	50000	50000	d	13.6194573711761	12.5226	1.0588
chr1	2	120	100000	100000	d	13.6194573711761	9.6109	0.7262
chr1	2	120	250000	250000	d	13.6194573711761	6.6392	0.424
chr1	2	120	10000	10000	e	13.6194573711761	25.6554	2.6783
chr1	2	120	50000	50000	e	13.6194573711761	12.5417	1.044
chr1	2	120	100000	100000	e	13.6194573711761	9.5386	0.7414
chr1	2	120	250000	250000	e	13.6194573711761	6.5513	0.4195
wg	1.05	10	10000	10000	a	0.00782552649250482	-0.0019	0.0131
wg	1.05	10	50000	50000	a	0.00782552649250482	-6e-04	0.0029
wg	1.05	10	100000	100000	a	0.00782552649250482	0.0018	0.0017
wg	1.05	10	250000	250000	a	0.00782552649250482	6e-04	9e-04
wg	1.05	10	10000	10000	b	0.00782552649250482	0.0202	0.0142
wg	1.05	10	50000	50000	b	0.00782552649250482	0.0037	0.0031
wg	1.05	10	100000	100000	b	0.00782552649250482	-0.0014	0.0014
wg	1.05	10	250000	250000	b	0.00782552649250482	0.0013	8e-04
wg	1.05	10	10000	10000	c	0.00782552649250482	-0.0184	0.0134
wg	1.05	10	50000	50000	c	0.00782552649250482	0.0045	0.0029
wg	1.05	10	100000	100000	c	0.00782552649250482	0.0021	0.0013
wg	1.05	10	250000	250000	c	0.00782552649250482	6e-04	9e-04
wg	1.05	10	10000	10000	d	0.00782552649250482	-0.0069	0.0152
wg	1.05	10	50000	50000	d	0.00782552649250482	0.0045	0.0026
wg	1.05	10	100000	100000	d	0.00782552649250482	-5e-04	0.0014
wg	1.05	10	250000	250000	d	0.00782552649250482	9e-04	9e-04
wg	1.05	10	10000	10000	e	0.00782552649250482	0.012	0.013
wg	1.05	10	50000	50000	e	0.00782552649250482	-0.001	0.0027
wg	1.05	10	100000	100000	e	0.00782552649250482	0.0018	0.0015
wg	1.05	10	250000	250000	e	0.00782552649250482	0.0011	9e-04
wg	1.05	20	10000	10000	a	0.0124402100206783	0.0011	0.0133
wg	1.05	20	50000	50000	a	0.0124402100206783	-1e-04	0.0029
wg	1.05	20	100000	100000	a	0.0124402100206783	0.0021	0.0017
wg	1.05	20	250000	250000	a	0.0124402100206783	0.0014	0.001
wg	1.05	20	10000	10000	b	0.0124402100206783	0.0198	0.0142
wg	1.05	20	50000	50000	b	0.0124402100206783	0.0047	0.0031
wg	1.05	20	100000	100000	b	0.0124402100206783	-8e-04	0.0015
wg	1.05	20	250000	250000	b	0.0124402100206783	0.0019	9e-04
wg	1.05	20	10000	10000	c	0.0124402100206783	-0.0187	0.0134
wg	1.05	20	50000	50000	c	0.0124402100206783	0.005	0.0029
wg	1.05	20	100000	100000	c	0.0124402100206783	0.0026	0.0014
wg	1.05	20	250000	250000	c	0.0124402100206783	0.0012	0.001
wg	1.05	20	10000	10000	d	0.0124402100206783	-0.0064	0.0152
wg	1.05	20	50000	50000	d	0.0124402100206783	0.005	0.0026
wg	1.05	20	100000	100000	d	0.0124402100206783	4e-04	0.0015
wg	1.05	20	250000	250000	d	0.0124402100206783	0.0016	0.001
wg	1.05	20	10000	10000	e	0.0124402100206783	0.0127	0.0131
wg	1.05	20	50000	50000	e	0.0124402100206783	-4e-04	0.0028
wg	1.05	20	100000	100000	e	0.0124402100206783	0.0024	0.0016
wg	1.05	20	250000	250000	e	0.0124402100206783	0.0018	0.0011
wg	1.05	40	10000	10000	a	0.0222910343478141	0.004	0.0132
wg	1.05	40	50000	50000	a	0.0222910343478141	0.0019	0.0031
wg	1.05	40	100000	100000	a	0.0222910343478141	0.0034	0.002
wg	1.05	40	250000	250000	a	0.0222910343478141	0.0023	0.0012
wg	1.05	40	10000	10000	b	0.0222910343478141	0.0242	0.0144
wg	1.05	40	50000	50000	b	0.0222910343478141	0.0063	0.0032
wg	1.05	40	100000	100000	b	0.0222910343478141	7e-04	0.0018
wg	1.05	40	250000	250000	b	0.0222910343478141	0.0031	0.0012
wg	1.05	40	10000	10000	c	0.0222910343478141	-0.0148	0.0139
wg	1.05	40	50000	50000	c	0.0222910343478141	0.0062	0.003
wg	1.05	40	100000	100000	c	0.0222910343478141	0.0032	0.0015
wg	1.05	40	250000	250000	c	0.0222910343478141	0.0021	0.0012
wg	1.05	40	10000	10000	d	0.0222910343478141	-0.0057	0.0152
wg	1.05	40	50000	50000	d	0.0222910343478141	0.006	0.0027
wg	1.05	40	100000	100000	d	0.0222910343478141	0.0013	0.0017
wg	1.05	40	250000	250000	d	0.0222910343478141	0.0026	0.0013
wg	1.05	40	10000	10000	e	0.0222910343478141	0.0151	0.0131
wg	1.05	40	50000	50000	e	0.0222910343478141	4e-04	0.0028
wg	1.05	40	100000	100000	e	0.0222910343478141	0.0033	0.0017
wg	1.05	40	250000	250000	e	0.0222910343478141	0.0027	0.0013
wg	1.05	80	10000	10000	a	0.0439564669023412	0.0049	0.0133
wg	1.05	80	50000	50000	a	0.0439564669023412	0.0077	0.004
wg	1.05	80	100000	100000	a	0.0439564669023412	0.007	0.0028
wg	1.05	80	250000	250000	a	0.0439564669023412	0.0064	0.0022
wg	1.05	80	10000	10000	b	0.0439564669023412	0.0312	0.0152
wg	1.05	80	50000	50000	b	0.0439564669023412	0.0108	0.0038
wg	1.05	80	100000	100000	b	0.0439564669023412	0.0056	0.0026
wg	1.05	80	250000	250000	b	0.0439564669023412	0.0072	0.0022
wg	1.05	80	10000	10000	c	0.0439564669023412	-0.0074	0.0142
wg	1.05	80	50000	50000	c	0.0439564669023412	0.0114	0.0039
wg	1.05	80	100000	100000	c	0.0439564669023412	0.0083	0.0026
wg	1.05	80	250000	250000	c	0.0439564669023412	0.0062	0.0022
wg	1.05	80	10000	10000	d	0.0439564669023412	-0.0042	0.0151
wg	1.05	80	50000	50000	d	0.0439564669023412	0.0123	0.0037
wg	1.05	80	100000	100000	d	0.0439564669023412	0.0072	0.0031
wg	1.05	80	250000	250000	d	0.0439564669023412	0.0064	0.0022
wg	1.05	80	10000	10000	e	0.0439564669023412	0.024	0.0135
wg	1.05	80	50000	50000	e	0.0439564669023412	0.0049	0.0037
wg	1.05	80	100000	100000	e	0.0439564669023412	0.0077	0.0026
wg	1.05	80	250000	250000	e	0.0439564669023412	0.0068	0.0022
wg	1.05	100	10000	10000	a	0.0548550086405066	0.0054	0.0133
wg	1.05	100	50000	50000	a	0.0548550086405066	0.0089	0.0041
wg	1.05	100	100000	100000	a	0.0548550086405066	0.0088	0.0029
wg	1.05	100	250000	250000	a	0.0548550086405066	0.0077	0.0024
wg	1.05	100	10000	10000	b	0.0548550086405066	0.035	0.0154
wg	1.05	100	50000	50000	b	0.0548550086405066	0.013	0.0041
wg	1.05	100	100000	100000	b	0.0548550086405066	0.0076	0.0029
wg	1.05	100	250000	250000	b	0.0548550086405066	0.0089	0.0024
wg	1.05	100	10000	10000	c	0.0548550086405066	-0.0064	0.0143
wg	1.05	100	50000	50000	c	0.0548550086405066	0.0134	0.0042
wg	1.05	100	100000	100000	c	0.0548550086405066	0.0098	0.0028
wg	1.05	100	250000	250000	c	0.0548550086405066	0.0078	0.0025
wg	1.05	100	10000	10000	d	0.0548550086405066	-0.005	0.0152
wg	1.05	100	50000	50000	d	0.0548550086405066	0.0135	0.0039
wg	1.05	100	100000	100000	d	0.0548550086405066	0.0095	0.0035
wg	1.05	100	250000	250000	d	0.0548550086405066	0.008	0.0024
wg	1.05	100	10000	10000	e	0.0548550086405066	0.0239	0.0133
wg	1.05	100	50000	50000	e	0.0548550086405066	0.0069	0.0039
wg	1.05	100	100000	100000	e	0.0548550086405066	0.0091	0.0027
wg	1.05	100	250000	250000	e	0.0548550086405066	0.0086	0.0024
wg	1.05	120	10000	10000	a	0.0674797463512956	0.0046	0.0134
wg	1.05	120	50000	50000	a	0.0674797463512956	0.0095	0.0041
wg	1.05	120	100000	100000	a	0.0674797463512956	0.0099	0.003
wg	1.05	120	250000	250000	a	0.0674797463512956	0.0089	0.0025
wg	1.05	120	10000	10000	b	0.0674797463512956	0.0338	0.0153
wg	1.05	120	50000	50000	b	0.0674797463512956	0.0138	0.0041
wg	1.05	120	100000	100000	b	0.0674797463512956	0.0088	0.003
wg	1.05	120	250000	250000	b	0.0674797463512956	0.0101	0.0025
wg	1.05	120	10000	10000	c	0.0674797463512956	-0.0098	0.0141
wg	1.05	120	50000	50000	c	0.0674797463512956	0.0137	0.0042
wg	1.05	120	100000	100000	c	0.0674797463512956	0.011	0.0028
wg	1.05	120	250000	250000	c	0.0674797463512956	0.009	0.0026
wg	1.05	120	10000	10000	d	0.0674797463512956	-0.0024	0.0153
wg	1.05	120	50000	50000	d	0.0674797463512956	0.0151	0.004
wg	1.05	120	100000	100000	d	0.0674797463512956	0.0104	0.0035
wg	1.05	120	250000	250000	d	0.0674797463512956	0.0094	0.0025
wg	1.05	120	10000	10000	e	0.0674797463512956	0.0224	0.0131
wg	1.05	120	50000	50000	e	0.0674797463512956	0.0085	0.004
wg	1.05	120	100000	100000	e	0.0674797463512956	0.0102	0.0028
wg	1.05	120	250000	250000	e	0.0674797463512956	0.0097	0.0025
wg	1.2	10	10000	10000	a	0.109276065100232	0.0063	0.0159
wg	1.2	10	50000	50000	a	0.109276065100232	0.0078	0.0094
wg	1.2	10	100000	100000	a	0.109276065100232	0.012	0.011
wg	1.2	10	250000	250000	a	0.109276065100232	0.0101	0.0095
wg	1.2	10	10000	10000	b	0.109276065100232	0.0294	0.0166
wg	1.2	10	50000	50000	b	0.109276065100232	0.0129	0.0102
wg	1.2	10	100000	100000	b	0.109276065100232	0.0078	0.0094
wg	1.2	10	250000	250000	b	0.109276065100232	0.0108	0.0096
wg	1.2	10	10000	10000	c	0.109276065100232	-0.0098	0.0155
wg	1.2	10	50000	50000	c	0.109276065100232	0.0143	0.0106
wg	1.2	10	100000	100000	c	0.109276065100232	0.0125	0.0104
wg	1.2	10	250000	250000	c	0.109276065100232	0.0108	0.0103
wg	1.2	10	10000	10000	d	0.109276065100232	-0.0012	0.0164
wg	1.2	10	50000	50000	d	0.109276065100232	0.0138	0.0098
wg	1.2	10	100000	100000	d	0.109276065100232	0.0101	0.0107
wg	1.2	10	250000	250000	d	0.109276065100232	0.0109	0.01
wg	1.2	10	10000	10000	e	0.109276065100232	0.0209	0.0169
wg	1.2	10	50000	50000	e	0.109276065100232	0.0062	0.0082
wg	1.2	10	100000	100000	e	0.109276065100232	0.0118	0.0101
wg	1.2	10	250000	250000	e	0.109276065100232	0.011	0.0099
wg	1.2	20	10000	10000	a	0.173715749525892	0.014	0.0167
wg	1.2	20	50000	50000	a	0.173715749525892	0.0191	0.0123
wg	1.2	20	100000	100000	a	0.173715749525892	0.0233	0.0138
wg	1.2	20	250000	250000	a	0.173715749525892	0.0206	0.0127
wg	1.2	20	10000	10000	b	0.173715749525892	0.0381	0.0174
wg	1.2	20	50000	50000	b	0.173715749525892	0.0234	0.0126
wg	1.2	20	100000	100000	b	0.173715749525892	0.0196	0.0127
wg	1.2	20	250000	250000	b	0.173715749525892	0.0216	0.0128
wg	1.2	20	10000	10000	c	0.173715749525892	-0.0044	0.0162
wg	1.2	20	50000	50000	c	0.173715749525892	0.0247	0.0129
wg	1.2	20	100000	100000	c	0.173715749525892	0.0235	0.0133
wg	1.2	20	250000	250000	c	0.173715749525892	0.0217	0.0135
wg	1.2	20	10000	10000	d	0.173715749525892	0.0087	0.0175
wg	1.2	20	50000	50000	d	0.173715749525892	0.0229	0.0117
wg	1.2	20	100000	100000	d	0.173715749525892	0.0214	0.0136
wg	1.2	20	250000	250000	d	0.173715749525892	0.0213	0.013
wg	1.2	20	10000	10000	e	0.173715749525892	0.0307	0.0181
wg	1.2	20	50000	50000	e	0.173715749525892	0.016	0.0107
wg	1.2	20	100000	100000	e	0.173715749525892	0.0234	0.0133
wg	1.2	20	250000	250000	e	0.173715749525892	0.0211	0.013
wg	1.2	40	10000	10000	a	0.311273180517157	0.0259	0.0182
wg	1.2	40	50000	50000	a	0.311273180517157	0.0337	0.0165
wg	1.2	40	100000	100000	a	0.311273180517157	0.0399	0.0186
wg	1.2	40	250000	250000	a	0.311273180517157	0.0351	0.0167
wg	1.2	40	10000	10000	b	0.311273180517157	0.0503	0.0192
wg	1.2	40	50000	50000	b	0.311273180517157	0.038	0.0165
wg	1.2	40	100000	100000	b	0.311273180517157	0.0364	0.0179
wg	1.2	40	250000	250000	b	0.311273180517157	0.0359	0.017
wg	1.2	40	10000	10000	c	0.311273180517157	0.0116	0.0194
wg	1.2	40	50000	50000	c	0.311273180517157	0.0405	0.0176
wg	1.2	40	100000	100000	c	0.311273180517157	0.0405	0.0181
wg	1.2	40	250000	250000	c	0.311273180517157	0.0363	0.0174
wg	1.2	40	10000	10000	d	0.311273180517157	0.0274	0.0212
wg	1.2	40	50000	50000	d	0.311273180517157	0.0364	0.0156
wg	1.2	40	100000	100000	d	0.311273180517157	0.0374	0.018
wg	1.2	40	250000	250000	d	0.311273180517157	0.0366	0.0172
wg	1.2	40	10000	10000	e	0.311273180517157	0.0459	0.0212
wg	1.2	40	50000	50000	e	0.311273180517157	0.03	0.0151
wg	1.2	40	100000	100000	e	0.311273180517157	0.0405	0.0183
wg	1.2	40	250000	250000	e	0.311273180517157	0.0359	0.0169
wg	1.2	80	10000	10000	a	0.613810424563389	0.0807	0.0297
wg	1.2	80	50000	50000	a	0.613810424563389	0.0844	0.0276
wg	1.2	80	100000	100000	a	0.613810424563389	0.0883	0.0293
wg	1.2	80	250000	250000	a	0.613810424563389	0.0741	0.0251
wg	1.2	80	10000	10000	b	0.613810424563389	0.1036	0.0301
wg	1.2	80	50000	50000	b	0.613810424563389	0.09	0.0282
wg	1.2	80	100000	100000	b	0.613810424563389	0.086	0.0288
wg	1.2	80	250000	250000	b	0.613810424563389	0.0764	0.0261
wg	1.2	80	10000	10000	c	0.613810424563389	0.0809	0.0365
wg	1.2	80	50000	50000	c	0.613810424563389	0.095	0.0302
wg	1.2	80	100000	100000	c	0.613810424563389	0.0917	0.0297
wg	1.2	80	250000	250000	c	0.613810424563389	0.0749	0.0257
wg	1.2	80	10000	10000	d	0.613810424563389	0.0826	0.0336
wg	1.2	80	50000	50000	d	0.613810424563389	0.0899	0.0282
wg	1.2	80	100000	100000	d	0.613810424563389	0.0863	0.0288
wg	1.2	80	250000	250000	d	0.613810424563389	0.0754	0.0255
wg	1.2	80	10000	10000	e	0.613810424563389	0.1065	0.0347
wg	1.2	80	50000	50000	e	0.613810424563389	0.0854	0.0283
wg	1.2	80	100000	100000	e	0.613810424563389	0.0881	0.0288
wg	1.2	80	250000	250000	e	0.613810424563389	0.0746	0.0255
wg	1.2	100	10000	10000	a	0.765998236797879	0.1142	0.0368
wg	1.2	100	50000	50000	a	0.765998236797879	0.1067	0.0311
wg	1.2	100	100000	100000	a	0.765998236797879	0.1092	0.032
wg	1.2	100	250000	250000	a	0.765998236797879	0.0913	0.0275
wg	1.2	100	10000	10000	b	0.765998236797879	0.1328	0.0362
wg	1.2	100	50000	50000	b	0.765998236797879	0.1099	0.0309
wg	1.2	100	100000	100000	b	0.765998236797879	0.1078	0.0317
wg	1.2	100	250000	250000	b	0.765998236797879	0.0943	0.0285
wg	1.2	100	10000	10000	c	0.765998236797879	0.1012	0.0397
wg	1.2	100	50000	50000	c	0.765998236797879	0.1156	0.0328
wg	1.2	100	100000	100000	c	0.765998236797879	0.1136	0.0326
wg	1.2	100	250000	250000	c	0.765998236797879	0.0917	0.0279
wg	1.2	100	10000	10000	d	0.765998236797879	0.1034	0.0371
wg	1.2	100	50000	50000	d	0.765998236797879	0.1128	0.0321
wg	1.2	100	100000	100000	d	0.765998236797879	0.1069	0.0314
wg	1.2	100	250000	250000	d	0.765998236797879	0.0934	0.0281
wg	1.2	100	10000	10000	e	0.765998236797879	0.1303	0.0388
wg	1.2	100	50000	50000	e	0.765998236797879	0.1061	0.0315
wg	1.2	100	100000	100000	e	0.765998236797879	0.1092	0.0316
wg	1.2	100	250000	250000	e	0.765998236797879	0.092	0.0278
wg	1.2	120	10000	10000	a	0.942290740730858	0.1317	0.0386
wg	1.2	120	50000	50000	a	0.942290740730858	0.126	0.0328
wg	1.2	120	100000	100000	a	0.942290740730858	0.1325	0.0345
wg	1.2	120	250000	250000	a	0.942290740730858	0.1128	0.0298
wg	1.2	120	10000	10000	b	0.942290740730858	0.1495	0.0375
wg	1.2	120	50000	50000	b	0.942290740730858	0.1294	0.0325
wg	1.2	120	100000	100000	b	0.942290740730858	0.1313	0.0344
wg	1.2	120	250000	250000	b	0.942290740730858	0.1155	0.0306
wg	1.2	120	10000	10000	c	0.942290740730858	0.1137	0.041
wg	1.2	120	50000	50000	c	0.942290740730858	0.1346	0.0342
wg	1.2	120	100000	100000	c	0.942290740730858	0.1379	0.0353
wg	1.2	120	250000	250000	c	0.942290740730858	0.1139	0.0302
wg	1.2	120	10000	10000	d	0.942290740730858	0.1254	0.039
wg	1.2	120	50000	50000	d	0.942290740730858	0.1327	0.0337
wg	1.2	120	100000	100000	d	0.942290740730858	0.1299	0.034
wg	1.2	120	250000	250000	d	0.942290740730858	0.1147	0.0301
wg	1.2	120	10000	10000	e	0.942290740730858	0.1474	0.0406
wg	1.2	120	50000	50000	e	0.942290740730858	0.1269	0.0333
wg	1.2	120	100000	100000	e	0.942290740730858	0.132	0.0345
wg	1.2	120	250000	250000	e	0.942290740730858	0.1136	0.03
wg	1.4	10	10000	10000	a	0.372175240133951	0.031	0.0346
wg	1.4	10	50000	50000	a	0.372175240133951	0.0386	0.0382
wg	1.4	10	100000	100000	a	0.372175240133951	0.031	0.0278
wg	1.4	10	250000	250000	a	0.372175240133951	0.0129	0.011
wg	1.4	10	10000	10000	b	0.372175240133951	0.0518	0.0327
wg	1.4	10	50000	50000	b	0.372175240133951	0.0407	0.0356
wg	1.4	10	100000	100000	b	0.372175240133951	0.0273	0.0267
wg	1.4	10	250000	250000	b	0.372175240133951	0.0142	0.0117
wg	1.4	10	10000	10000	c	0.372175240133951	0.0136	0.0336
wg	1.4	10	50000	50000	c	0.372175240133951	0.0432	0.0374
wg	1.4	10	100000	100000	c	0.372175240133951	0.0297	0.0255
wg	1.4	10	250000	250000	c	0.372175240133951	0.0122	0.0106
wg	1.4	10	10000	10000	d	0.372175240133951	0.027	0.0372
wg	1.4	10	50000	50000	d	0.372175240133951	0.0447	0.0385
wg	1.4	10	100000	100000	d	0.372175240133951	0.0287	0.0275
wg	1.4	10	250000	250000	d	0.372175240133951	0.0132	0.0112
wg	1.4	10	10000	10000	e	0.372175240133951	0.0446	0.0355
wg	1.4	10	50000	50000	e	0.372175240133951	0.0373	0.0374
wg	1.4	10	100000	100000	e	0.372175240133951	0.0333	0.0293
wg	1.4	10	250000	250000	e	0.372175240133951	0.0128	0.0108
wg	1.4	20	10000	10000	a	0.591645578888169	0.0692	0.0439
wg	1.4	20	50000	50000	a	0.591645578888169	0.0794	0.0491
wg	1.4	20	100000	100000	a	0.591645578888169	0.0634	0.0385
wg	1.4	20	250000	250000	a	0.591645578888169	0.0334	0.0204
wg	1.4	20	10000	10000	b	0.591645578888169	0.0884	0.0416
wg	1.4	20	50000	50000	b	0.591645578888169	0.0832	0.0479
wg	1.4	20	100000	100000	b	0.591645578888169	0.0583	0.0367
wg	1.4	20	250000	250000	b	0.591645578888169	0.0334	0.02
wg	1.4	20	10000	10000	c	0.591645578888169	0.041	0.0393
wg	1.4	20	50000	50000	c	0.591645578888169	0.09	0.0515
wg	1.4	20	100000	100000	c	0.591645578888169	0.0592	0.0353
wg	1.4	20	250000	250000	c	0.591645578888169	0.0328	0.0201
wg	1.4	20	10000	10000	d	0.591645578888169	0.0615	0.0442
wg	1.4	20	50000	50000	d	0.591645578888169	0.0882	0.0507
wg	1.4	20	100000	100000	d	0.591645578888169	0.0612	0.038
wg	1.4	20	250000	250000	d	0.591645578888169	0.0334	0.0201
wg	1.4	20	10000	10000	e	0.591645578888169	0.0743	0.0415
wg	1.4	20	50000	50000	e	0.591645578888169	0.0781	0.0488
wg	1.4	20	100000	100000	e	0.591645578888169	0.0648	0.039
wg	1.4	20	250000	250000	e	0.591645578888169	0.0329	0.0198
wg	1.4	40	10000	10000	a	1.06014222419128	0.1196	0.0582
wg	1.4	40	50000	50000	a	1.06014222419128	0.1364	0.0647
wg	1.4	40	100000	100000	a	1.06014222419128	0.1038	0.0489
wg	1.4	40	250000	250000	a	1.06014222419128	0.0664	0.031
wg	1.4	40	10000	10000	b	1.06014222419128	0.1394	0.0559
wg	1.4	40	50000	50000	b	1.06014222419128	0.1423	0.0648
wg	1.4	40	100000	100000	b	1.06014222419128	0.0999	0.0482
wg	1.4	40	250000	250000	b	1.06014222419128	0.0667	0.0306
wg	1.4	40	10000	10000	c	1.06014222419128	0.0945	0.0564
wg	1.4	40	50000	50000	c	1.06014222419128	0.1507	0.0684
wg	1.4	40	100000	100000	c	1.06014222419128	0.1009	0.047
wg	1.4	40	250000	250000	c	1.06014222419128	0.0653	0.0305
wg	1.4	40	10000	10000	d	1.06014222419128	0.1167	0.0611
wg	1.4	40	50000	50000	d	1.06014222419128	0.1473	0.067
wg	1.4	40	100000	100000	d	1.06014222419128	0.1032	0.0493
wg	1.4	40	250000	250000	d	1.06014222419128	0.067	0.031
wg	1.4	40	10000	10000	e	1.06014222419128	0.122	0.0551
wg	1.4	40	50000	50000	e	1.06014222419128	0.1379	0.0655
wg	1.4	40	100000	100000	e	1.06014222419128	0.1067	0.0499
wg	1.4	40	250000	250000	e	1.06014222419128	0.0663	0.0306
wg	1.4	80	10000	10000	a	2.09053137069919	0.3092	0.0991
wg	1.4	80	50000	50000	a	2.09053137069919	0.2973	0.102
wg	1.4	80	100000	100000	a	2.09053137069919	0.2248	0.0761
wg	1.4	80	250000	250000	a	2.09053137069919	0.1473	0.0496
wg	1.4	80	10000	10000	b	2.09053137069919	0.3363	0.1005
wg	1.4	80	50000	50000	b	2.09053137069919	0.2984	0.1003
wg	1.4	80	100000	100000	b	2.09053137069919	0.224	0.0765
wg	1.4	80	250000	250000	b	2.09053137069919	0.1457	0.0487
wg	1.4	80	10000	10000	c	2.09053137069919	0.2888	0.0985
wg	1.4	80	50000	50000	c	2.09053137069919	0.3055	0.1029
wg	1.4	80	100000	100000	c	2.09053137069919	0.2249	0.0758
wg	1.4	80	250000	250000	c	2.09053137069919	0.1442	0.0481
wg	1.4	80	10000	10000	d	2.09053137069919	0.3051	0.1002
wg	1.4	80	50000	50000	d	2.09053137069919	0.3057	0.104
wg	1.4	80	100000	100000	d	2.09053137069919	0.2248	0.0764
wg	1.4	80	250000	250000	d	2.09053137069919	0.1469	0.0492
wg	1.4	80	10000	10000	e	2.09053137069919	0.3047	0.0952
wg	1.4	80	50000	50000	e	2.09053137069919	0.2947	0.1009
wg	1.4	80	100000	100000	e	2.09053137069919	0.231	0.0784
wg	1.4	80	250000	250000	e	2.09053137069919	0.1458	0.0491
wg	1.4	100	10000	10000	a	2.60885654567579	0.3853	0.1105
wg	1.4	100	50000	50000	a	2.60885654567579	0.3665	0.1108
wg	1.4	100	100000	100000	a	2.60885654567579	0.2831	0.084
wg	1.4	100	250000	250000	a	2.60885654567579	0.1879	0.0564
wg	1.4	100	10000	10000	b	2.60885654567579	0.4178	0.1128
wg	1.4	100	50000	50000	b	2.60885654567579	0.3714	0.1105
wg	1.4	100	100000	100000	b	2.60885654567579	0.2836	0.0845
wg	1.4	100	250000	250000	b	2.60885654567579	0.1869	0.0556
wg	1.4	100	10000	10000	c	2.60885654567579	0.3657	0.1101
wg	1.4	100	50000	50000	c	2.60885654567579	0.3755	0.1121
wg	1.4	100	100000	100000	c	2.60885654567579	0.2823	0.0833
wg	1.4	100	250000	250000	c	2.60885654567579	0.1858	0.0557
wg	1.4	100	10000	10000	d	2.60885654567579	0.3794	0.1111
wg	1.4	100	50000	50000	d	2.60885654567579	0.3761	0.1131
wg	1.4	100	100000	100000	d	2.60885654567579	0.2808	0.0833
wg	1.4	100	250000	250000	d	2.60885654567579	0.1874	0.0561
wg	1.4	100	10000	10000	e	2.60885654567579	0.3786	0.1062
wg	1.4	100	50000	50000	e	2.60885654567579	0.3669	0.1109
wg	1.4	100	100000	100000	e	2.60885654567579	0.2868	0.0852
wg	1.4	100	250000	250000	e	2.60885654567579	0.1863	0.0557
wg	1.4	120	10000	10000	a	3.20927810116363	0.4531	0.1155
wg	1.4	120	50000	50000	a	3.20927810116363	0.4495	0.1197
wg	1.4	120	100000	100000	a	3.20927810116363	0.3525	0.0938
wg	1.4	120	250000	250000	a	3.20927810116363	0.2411	0.0676
wg	1.4	120	10000	10000	b	3.20927810116363	0.4886	0.1197
wg	1.4	120	50000	50000	b	3.20927810116363	0.4555	0.1193
wg	1.4	120	100000	100000	b	3.20927810116363	0.352	0.0939
wg	1.4	120	250000	250000	b	3.20927810116363	0.2399	0.0668
wg	1.4	120	10000	10000	c	3.20927810116363	0.4309	0.1161
wg	1.4	120	50000	50000	c	3.20927810116363	0.4588	0.1204
wg	1.4	120	100000	100000	c	3.20927810116363	0.3529	0.0936
wg	1.4	120	250000	250000	c	3.20927810116363	0.2405	0.0675
wg	1.4	120	10000	10000	d	3.20927810116363	0.4556	0.1184
wg	1.4	120	50000	50000	d	3.20927810116363	0.4588	0.1211
wg	1.4	120	100000	100000	d	3.20927810116363	0.3495	0.093
wg	1.4	120	250000	250000	d	3.20927810116363	0.2409	0.0674
wg	1.4	120	10000	10000	e	3.20927810116363	0.4409	0.1122
wg	1.4	120	50000	50000	e	3.20927810116363	0.453	0.1199
wg	1.4	120	100000	100000	e	3.20927810116363	0.3561	0.0947
wg	1.4	120	250000	250000	e	3.20927810116363	0.24	0.0671
wg	2	10	10000	10000	a	1.57942835049842	0.1678	0.1606
wg	2	10	50000	50000	a	1.57942835049842	0.055	0.0476
wg	2	10	100000	100000	a	1.57942835049842	0.0456	0.0449
wg	2	10	250000	250000	a	1.57942835049842	0.0322	0.0324
wg	2	10	10000	10000	b	1.57942835049842	0.1865	0.1544
wg	2	10	50000	50000	b	1.57942835049842	0.0639	0.0513
wg	2	10	100000	100000	b	1.57942835049842	0.0434	0.0453
wg	2	10	250000	250000	b	1.57942835049842	0.032	0.0315
wg	2	10	10000	10000	c	1.57942835049842	0.1584	0.1664
wg	2	10	50000	50000	c	1.57942835049842	0.0636	0.0507
wg	2	10	100000	100000	c	1.57942835049842	0.0489	0.0472
wg	2	10	250000	250000	c	1.57942835049842	0.0316	0.0318
wg	2	10	10000	10000	d	1.57942835049842	0.157	0.1545
wg	2	10	50000	50000	d	1.57942835049842	0.0639	0.0506
wg	2	10	100000	100000	d	1.57942835049842	0.0444	0.0455
wg	2	10	250000	250000	d	1.57942835049842	0.0336	0.0334
wg	2	10	10000	10000	e	1.57942835049842	0.186	0.1638
wg	2	10	50000	50000	e	1.57942835049842	0.0582	0.0512
wg	2	10	100000	100000	e	1.57942835049842	0.0448	0.0434
wg	2	10	250000	250000	e	1.57942835049842	0.0322	0.032
wg	2	20	10000	10000	a	2.51081130600385	0.3585	0.2164
wg	2	20	50000	50000	a	2.51081130600385	0.1442	0.0894
wg	2	20	100000	100000	a	2.51081130600385	0.1292	0.0915
wg	2	20	250000	250000	a	2.51081130600385	0.0908	0.0712
wg	2	20	10000	10000	b	2.51081130600385	0.3744	0.2122
wg	2	20	50000	50000	b	2.51081130600385	0.158	0.0952
wg	2	20	100000	100000	b	2.51081130600385	0.1284	0.0926
wg	2	20	250000	250000	b	2.51081130600385	0.0894	0.0699
wg	2	20	10000	10000	c	2.51081130600385	0.3412	0.2193
wg	2	20	50000	50000	c	2.51081130600385	0.1604	0.0962
wg	2	20	100000	100000	c	2.51081130600385	0.134	0.0943
wg	2	20	250000	250000	c	2.51081130600385	0.0897	0.0699
wg	2	20	10000	10000	d	2.51081130600385	0.3308	0.2031
wg	2	20	50000	50000	d	2.51081130600385	0.1575	0.0945
wg	2	20	100000	100000	d	2.51081130600385	0.1331	0.0956
wg	2	20	250000	250000	d	2.51081130600385	0.0929	0.0727
wg	2	20	10000	10000	e	2.51081130600385	0.3677	0.2175
wg	2	20	50000	50000	e	2.51081130600385	0.1504	0.0931
wg	2	20	100000	100000	e	2.51081130600385	0.1316	0.0931
wg	2	20	250000	250000	e	2.51081130600385	0.0912	0.0709
wg	2	40	10000	10000	a	4.49900612368926	0.6353	0.2931
wg	2	40	50000	50000	a	4.49900612368926	0.3107	0.1413
wg	2	40	100000	100000	a	4.49900612368926	0.2536	0.1279
wg	2	40	250000	250000	a	4.49900612368926	0.1818	0.1068
wg	2	40	10000	10000	b	4.49900612368926	0.6368	0.2812
wg	2	40	50000	50000	b	4.49900612368926	0.3246	0.1474
wg	2	40	100000	100000	b	4.49900612368926	0.2589	0.1343
wg	2	40	250000	250000	b	4.49900612368926	0.1792	0.1041
wg	2	40	10000	10000	c	4.49900612368926	0.5912	0.2862
wg	2	40	50000	50000	c	4.49900612368926	0.3203	0.1441
wg	2	40	100000	100000	c	4.49900612368926	0.2568	0.1314
wg	2	40	250000	250000	c	4.49900612368926	0.1794	0.1021
wg	2	40	10000	10000	d	4.49900612368926	0.6146	0.2859
wg	2	40	50000	50000	d	4.49900612368926	0.3178	0.1451
wg	2	40	100000	100000	d	4.49900612368926	0.2607	0.1329
wg	2	40	250000	250000	d	4.49900612368926	0.1823	0.1045
wg	2	40	10000	10000	e	4.49900612368926	0.6259	0.2864
wg	2	40	50000	50000	e	4.49900612368926	0.3152	0.1439
wg	2	40	100000	100000	e	4.49900612368926	0.2581	0.1303
wg	2	40	250000	250000	e	4.49900612368926	0.1802	0.1025
wg	2	80	10000	10000	a	8.87174685048968	1.435	0.4906
wg	2	80	50000	50000	a	8.87174685048968	0.697	0.234
wg	2	80	100000	100000	a	8.87174685048968	0.5596	0.2035
wg	2	80	250000	250000	a	8.87174685048968	0.3921	0.1608
wg	2	80	10000	10000	b	8.87174685048968	1.4126	0.4727
wg	2	80	50000	50000	b	8.87174685048968	0.7128	0.2373
wg	2	80	100000	100000	b	8.87174685048968	0.5597	0.2055
wg	2	80	250000	250000	b	8.87174685048968	0.3873	0.1567
wg	2	80	10000	10000	c	8.87174685048968	1.368	0.4807
wg	2	80	50000	50000	c	8.87174685048968	0.7102	0.2364
wg	2	80	100000	100000	c	8.87174685048968	0.5601	0.204
wg	2	80	250000	250000	c	8.87174685048968	0.3907	0.1587
wg	2	80	10000	10000	d	8.87174685048968	1.3833	0.4755
wg	2	80	50000	50000	d	8.87174685048968	0.7058	0.2351
wg	2	80	100000	100000	d	8.87174685048968	0.5614	0.2052
wg	2	80	250000	250000	d	8.87174685048968	0.3953	0.1622
wg	2	80	10000	10000	e	8.87174685048968	1.4121	0.4785
wg	2	80	50000	50000	e	8.87174685048968	0.7007	0.2354
wg	2	80	100000	100000	e	8.87174685048968	0.5629	0.205
wg	2	80	250000	250000	e	8.87174685048968	0.3921	0.1598
wg	2	100	10000	10000	a	11.0714027863344	1.7831	0.5383
wg	2	100	50000	50000	a	11.0714027863344	0.8863	0.2656
wg	2	100	100000	100000	a	11.0714027863344	0.7103	0.2259
wg	2	100	250000	250000	a	11.0714027863344	0.503	0.1829
wg	2	100	10000	10000	b	11.0714027863344	1.7589	0.5181
wg	2	100	50000	50000	b	11.0714027863344	0.9036	0.2691
wg	2	100	100000	100000	b	11.0714027863344	0.7094	0.2265
wg	2	100	250000	250000	b	11.0714027863344	0.498	0.1807
wg	2	100	10000	10000	c	11.0714027863344	1.7104	0.5247
wg	2	100	50000	50000	c	11.0714027863344	0.8974	0.2673
wg	2	100	100000	100000	c	11.0714027863344	0.7118	0.2267
wg	2	100	250000	250000	c	11.0714027863344	0.5024	0.1851
wg	2	100	10000	10000	d	11.0714027863344	1.7475	0.5247
wg	2	100	50000	50000	d	11.0714027863344	0.8959	0.2671
wg	2	100	100000	100000	d	11.0714027863344	0.7117	0.2275
wg	2	100	250000	250000	d	11.0714027863344	0.5082	0.189
wg	2	100	10000	10000	e	11.0714027863344	1.7677	0.5302
wg	2	100	50000	50000	e	11.0714027863344	0.8914	0.2663
wg	2	100	100000	100000	e	11.0714027863344	0.7072	0.2255
wg	2	100	250000	250000	e	11.0714027863344	0.5028	0.186
wg	2	120	10000	10000	a	13.6194573711761	2.1256	0.5695
wg	2	120	50000	50000	a	13.6194573711761	1.1092	0.2978
wg	2	120	100000	100000	a	13.6194573711761	0.89	0.2536
wg	2	120	250000	250000	a	13.6194573711761	0.6429	0.2101
wg	2	120	10000	10000	b	13.6194573711761	2.1098	0.5533
wg	2	120	50000	50000	b	13.6194573711761	1.1239	0.3079
wg	2	120	100000	100000	b	13.6194573711761	0.8896	0.2546
wg	2	120	250000	250000	b	13.6194573711761	0.6401	0.2103
wg	2	120	10000	10000	c	13.6194573711761	2.0531	0.5592
wg	2	120	50000	50000	c	13.6194573711761	1.1159	0.2977
wg	2	120	100000	100000	c	13.6194573711761	0.8955	0.2557
wg	2	120	250000	250000	c	13.6194573711761	0.6445	0.2103
wg	2	120	10000	10000	d	13.6194573711761	2.1057	0.5615
wg	2	120	50000	50000	d	13.6194573711761	1.1165	0.2977
wg	2	120	100000	100000	d	13.6194573711761	0.8914	0.255
wg	2	120	250000	250000	d	13.6194573711761	0.651	0.2145
wg	2	120	10000	10000	e	13.6194573711761	2.1232	0.5636
wg	2	120	50000	50000	e	13.6194573711761	1.1136	0.2983
wg	2	120	100000	100000	e	13.6194573711761	0.8861	0.2531
wg	2	120	250000	250000	e	13.6194573711761	0.6439	0.2109
